,Math,Science,English
Math,1.0,0.7446452322954139,0.9673464493489289
Science,0.7446452322954139,1.0,0.873582380370858
English,0.9673464493489289,0.873582380370858,1.0
