,Math,Science
Math,1.0,-0.33968015312151156
Science,-0.33968015312151156,1.0
