,Math,Science,English
Math,1.0,-0.06475239082381377,-0.4231812705746393
Science,-0.06475239082381377,1.0,0.9241946942729203
English,-0.4231812705746393,0.9241946942729203,1.0
