,Jan,Feb,EngMarlish
Jan,,,
Feb,,1.0,0.8115540326407751
EngMarlish,,0.8115540326407751,1.0
