,Jan,Feb,Mar
Jan,,,
Feb,,1.0,0.8115540326407751
Mar,,0.8115540326407751,1.0
