,Duration,Pulse,Maxpulse,Calories
Duration,1.0,-0.15540813258059757,0.009402912085577832,0.9227166783472459
Pulse,-0.15540813258059757,1.0,0.7865346759989701,0.025121130626710137
Maxpulse,0.009402912085577832,0.7865346759989701,1.0,0.2038132739055016
Calories,0.9227166783472459,0.025121130626710137,0.2038132739055016,1.0
