,Jan,Feb,Mar
Jan,1.0,-0.5545227043287649,-0.6297077035478555
Feb,-0.5545227043287649,1.0,0.873582380370858
Mar,-0.6297077035478555,0.873582380370858,1.0
