,Math,Science,English
Math,1.0,0.8680399683770985,0.9996430554026958
Science,0.8680399683770985,1.0,0.868296229442516
English,0.9996430554026958,0.868296229442516,1.0
