,Math,Science,English
Math,1.0,-0.5545227043287649,-0.6297077035478555
Science,-0.5545227043287649,1.0,0.873582380370858
English,-0.6297077035478555,0.873582380370858,1.0
