,Math,Science,English
Math,1.0,0.9373191045492663,0.9601393583089257
Science,0.9373191045492663,1.0,0.8163530261362922
English,0.9601393583089257,0.8163530261362922,1.0
