,Math,Science,English
Math,,,
Science,,1.0,0.873582380370858
English,,0.873582380370858,1.0
