,Math,Science,English
count,4.0,4.0,4.0
mean,74.75,77.0,79.25
std,13.889444433333777,12.622730819174325,11.354147553500733
min,59.0,60.0,70.0
25%,67.25,71.25,71.5
50%,74.0,80.0,76.0
75%,81.5,85.75,83.75
max,92.0,88.0,95.0
