,Jan,Feb,Mar
count,3.0,3.0,3.0
mean,60.0,82.66666666666667,83.66666666666667
std,0.0,6.8068592855540455,10.016652800877813
min,60.0,75.0,76.0
25%,60.0,80.0,78.0
50%,60.0,85.0,80.0
75%,60.0,86.5,87.5
max,60.0,88.0,95.0
