,Math,Science,English
count,4.0,4.0,4.0
mean,81.25,80.75,80.75
std,5.188127472091127,6.751543033509698,10.04572877727976
min,78.0,75.0,72.0
25%,78.75,75.0,75.0
50%,79.0,80.0,78.0
75%,81.5,85.75,83.75
max,89.0,88.0,95.0
