,Duration,Pulse,Maxpulse,Calories
count,169.0,169.0,169.0,164.0
mean,63.84615384615385,107.46153846153847,134.0473372781065,375.79024390243904
std,42.299949341408364,14.510259096501999,16.450434446024435,266.3799192443516
min,15.0,80.0,100.0,50.3
25%,45.0,100.0,124.0,250.925
50%,60.0,105.0,131.0,318.6
75%,60.0,111.0,141.0,387.6
max,300.0,159.0,184.0,1860.4
