,Math,Science,English
count,4.0,4.0,4.0
mean,60.0,80.75,80.75
std,0.0,6.751543033509698,10.04572877727976
min,60.0,75.0,72.0
25%,60.0,75.0,75.0
50%,60.0,80.0,78.0
75%,60.0,85.75,83.75
max,60.0,88.0,95.0
