,Math,Science,English
count,4.0,4.0,4.0
mean,81.25,84.5,83.75
std,9.429563439877091,6.658328118479393,9.945685831890462
min,70.0,75.0,72.0
25%,76.0,82.5,78.0
50%,81.5,86.5,84.0
75%,86.75,88.5,89.75
max,92.0,90.0,95.0
