,Jan,Feb,Mar
count,4.0,4.0,4.0
mean,85.0,80.75,80.75
std,12.909944487358056,6.751543033509698,10.04572877727976
min,70.0,75.0,72.0
25%,77.5,75.0,75.0
50%,85.0,80.0,78.0
75%,92.5,85.75,83.75
max,100.0,88.0,95.0
