,January,February,March
count,3.0,3.0,3.0
mean,1333.3333333333333,1000.0,2333.3333333333335
std,577.3502691896258,0.0,2309.4010767585028
min,1000.0,1000.0,1000.0
25%,1000.0,1000.0,1000.0
50%,1000.0,1000.0,1000.0
75%,1500.0,1000.0,3000.0
max,2000.0,1000.0,5000.0
