,Math,Science,English
count,4.0,4.0,4.0
mean,99.75,87.0,86.75
std,0.5,10.295630140987,12.996794476587935
min,99.0,75.0,72.0
25%,99.75,82.5,78.0
50%,100.0,86.5,87.5
75%,100.0,91.0,96.25
max,100.0,100.0,100.0
