,Math,Science
count,4.0,4.0
mean,81.25,80.75
std,8.539125638299666,6.751543033509698
min,70.0,75.0
25%,77.5,75.0
50%,82.5,80.0
75%,86.25,85.75
max,90.0,88.0
