,MinTemp,MaxTemp,Rainfall,Evaporation,Sunshine,WindGustSpeed,WindSpeed9am,WindSpeed3pm,Humidity9am,Humidity3pm,Pressure9am,Pressure3pm,Cloud9am,Cloud3pm,Temp9am,Temp3pm,RISK_MM
count,366.0,366.0,366.0,366.0,363.0,364.0,359.0,366.0,366.0,366.0,366.0,366.0,366.0,366.0,366.0,366.0,366.0
mean,7.265573770491804,20.550273224043714,1.428415300546448,4.521857923497268,7.909366391184574,39.84065934065934,9.651810584958218,17.98633879781421,72.03551912568307,44.51912568306011,1019.7090163934428,1016.8103825136611,3.890710382513661,4.024590163934426,12.358469945355191,19.23087431693989,1.428415300546448
std,6.025799834253392,6.690515669598577,4.225799585804051,2.6693825342212643,3.481517162405924,13.059807144421073,7.9519289538404925,8.856996567838884,13.137058140203433,16.850947383652535,6.6862115828948605,6.469422397297334,2.956130576805562,2.6662675612711015,5.6308321347054235,6.640345988720311,4.225799585804051
min,-5.3,7.6,0.0,0.2,0.0,13.0,0.0,0.0,36.0,13.0,996.5,996.8,0.0,0.0,0.1,5.1,0.0
25%,2.3,15.025,0.0,2.2,5.95,31.0,6.0,11.0,64.0,32.25,1015.3499999999999,1012.8,1.0,1.0,7.625,14.15,0.0
50%,7.45,19.65,0.0,4.2,8.6,39.0,7.0,17.0,72.0,43.0,1020.1500000000001,1017.4,3.5,4.0,12.55,18.55,0.0
75%,12.5,25.5,0.2,6.4,10.5,46.0,13.0,24.0,81.0,55.0,1024.475,1021.475,7.0,7.0,17.0,24.0,0.2
max,20.9,35.8,39.8,13.8,13.6,98.0,41.0,52.0,99.0,96.0,1035.7,1033.2,8.0,8.0,24.7,34.5,39.8
